diaObjectId,days ago,sherlock,nDiaSources,psfFlux,absMag
170028500546748520,0.2,AGN,746,1,
170028510647156885,0.2,AGN,1142,1,
313853517445464071,0.2,AGN,1273,5949,
313875415235035152,0.2,AGN,1070,2047,
313853517445988413,0.2,AGN,1246,4502,
313853517447036933,0.2,AGN,1159,3161,
313853517449134105,0.2,AGN,1295,6414,
170028510657642721,0.2,AGN,493,1,
170028511633342584,0.2,AGN,779,1,
313853517453328410,0.2,AGN,1197,4786,
170028510660789036,0.2,AGN,204,1,
313998569342238732,0.2,AGN,258,3079,
313853517458047065,0.2,AGN,1074,2759,
313875416418353154,0.2,AGN,991,4815,
170028500560904312,0.2,SN,1134,1,
170028514380611726,0.2,SN,217,1,
313875416677875727,0.2,AGN,1019,10834,
170028514385854610,0.2,SN,205,1,
170032902569984066,0.2,AGN,91,8664,
313853517467484223,0.2,AGN,1028,4425,
313853517469581322,0.2,AGN,1230,6288,
313853517470105609,0.2,AGN,1300,5543,
313985344764117008,0.2,AGN,1053,4890,
313853517471154280,0.2,AGN,1204,6323,
313875416771723280,0.2,AGN,343,2690,
313985345016299569,0.2,AGN,1052,2931,
313888627224477822,0.2,AGN,754,1,
313998569367404621,0.2,AGN,212,5390,
313853517476397176,0.2,AGN,1067,3787,
313985345706262538,0.2,AGN,576,35725,
170028514452963478,0.2,SN,227,1,
313853517483737108,0.2,AGN,752,4633,
170028514524266647,0.2,SN,182,1,
313853517490028563,0.2,AGN,755,6414,
313853517492650005,0.2,SN,1049,8118,
313888627235487787,0.2,AGN,1035,3497,
170028500580827290,0.2,AGN,1069,1,
170028514722972241,0.2,SN,73,1,
313871013384290397,0.2,AGN,724,2247,
313853517538263081,0.2,AGN,1062,4537,
170028511850397765,0.2,AGN,316,2211,
313853517542982580,0.2,AGN,841,9927,
313853517545604194,0.2,AGN,351,3606,
313875416785354878,0.2,AGN,130,4591,
170028510771413189,0.2,AGN,642,1,
170028500588167170,0.2,AGN,418,11965,
313875416786927752,0.2,AGN,881,4279,
313853517573390359,0.2,AGN,1205,5454,
313875416788500505,0.2,AGN,865,3318,
314011777182990477,0.2,AGN,640,1,
170028510790287495,0.2,AGN,984,1,
170028500594458759,0.2,AGN,1069,1,
313853517579681817,0.2,AGN,1106,4160,
313853517579681858,0.2,AGN,1191,4993,
313853517584924715,0.2,AGN,414,2529,
170028500597080185,0.2,SN,714,1,
313888627087638657,0.2,AGN,170,4509,
313875416793743402,0.2,AGN,1125,12390,
313853517625294923,0.2,AGN,709,3090,
170028510880989368,0.2,AGN,897,1,
170028512972374105,0.2,AGN,88,2682,
170028500605468813,0.2,AGN,1043,1,
313862203460550660,0.2,AGN,1108,1,
313972182532751546,0.2,AGN,1139,1,
314003014420004875,0.2,SN,921,2989,
170032904894152964,0.2,SN,35,2278,-9.3
314003014617137318,0.2,AGN,924,1,
313980947963314178,0.2,AGN,561,7062,
170028500610711667,0.2,AGN,946,1,
170028500615430253,0.2,AGN,1103,1,
313853517735395444,0.2,AGN,1265,11264,
313875416802131975,0.2,AGN,606,6221,
313888627015811150,0.2,AGN,785,3419,
313853517762658312,0.2,AGN,825,2510,
170094456349392906,0.2,SN,56,9576,-18.0
313853517808795736,0.2,AGN,611,3485,
313998569645277236,0.2,AGN,462,3929,
313853517821902930,0.2,AGN,1236,3910,
170226393351716950,0.2,SN,49,8131,-17.6
170226393632735260,0.2,SN,45,16635,-17.6
313875416809996391,0.2,AGN,1153,6035,
170230797176406143,0.2,SN,55,3698,
170028511037751456,0.2,SN,974,1,
170046091675828358,0.2,AGN,82,39041,
170239611403501631,0.2,SN,42,3064,-17.8
313888627024199827,0.2,AGN,715,3428,
170046091680546942,0.2,AGN,101,7718,
170046091687887038,0.2,SN,24,1,
170261592629837872,0.2,SN,30,9821,-18.5
170046091723538510,0.2,AGN,96,4043,
170274770671632438,0.2,SN,10,4355,-14.4
170032900374790313,0.2,SN,17,2153,
170046091875057713,0.2,AGN,46,3341,
170028510485676206,0.2,AGN,1078,1,
170028510489870462,0.2,AGN,1112,1,
170028510491967602,0.2,AGN,1124,1,
313853517979713615,0.2,SN,1226,6665,
313853517997015064,0.2,AGN,732,1818,
313871015514997074,0.2,SN,659,1,
313967766427140178,0.2,AGN,107,2391,
313871013093310527,0.2,AGN,1078,12330,
313853532993749104,0.2,AGN,1209,6732,
170028513476215519,0.2,AGN,616,1,
313853533017866291,0.2,AGN,969,2576,
313888627175194724,0.2,AGN,745,4067,
170028510526046347,0.2,AGN,1028,1,
313853533125345391,0.2,AGN,283,3207,
170028510543347881,0.2,AGN,1144,1,
313853533155754132,0.2,AGN,1075,1,
313871013131059260,0.2,AGN,899,1695,
170028510547017858,0.2,AGN,888,1,
313888627046744192,0.2,AGN,85,2064,
313875416835162186,0.2,AGN,126,839,
313967766931505175,0.2,AGN,1191,8176,
170028511442502414,0.2,AGN,689,1,
313963404992184401,0.2,AGN,1142,1,
313998570483613856,0.2,AGN,1086,1,
313853517404569756,0.2,AGN,1295,7261,
313853517405093911,0.2,AGN,1228,7167,
313853517406666836,0.2,AGN,1279,5176,
170028510557503652,0.2,AGN,920,1,
170028510560649331,0.2,AGN,339,1,
313853517414531091,0.2,AGN,1206,7766,
313853517415579714,0.2,AGN,1081,4558,
313853517416628317,0.2,AGN,1009,14903,
313875415053631551,0.2,AGN,758,9605,
170028514014658968,0.2,AGN,123,3856,
313871013155700761,0.2,AGN,752,3621,
313853533289447521,0.2,AGN,1235,13005,
313875415074603025,0.2,AGN,941,17875,
313871013160419410,0.2,AGN,953,1908,
313853517424492638,0.2,AGN,1150,14882,
313875415093477395,0.2,AGN,851,14222,
313853517426589782,0.2,AGN,1200,8456,
313853517427638315,0.2,AGN,1128,6180,
313853517428162615,0.2,AGN,1278,4427,
313875415113400364,0.2,AGN,961,11991,
313875415177363477,0.2,AGN,1055,6080,
170028510637195404,0.2,AGN,864,1,
313875415210393614,0.2,AGN,1132,3565,
313853517439697012,0.2,AGN,1214,6939,
313875415212490766,0.2,AGN,669,2038,
313853517440221188,0.2,AGN,1211,2490,
313853517444939794,0.2,AGN,1317,8770,
313875415321542685,0.2,AGN,1086,6694,
313853517449658442,0.2,AGN,1193,3712,
313853517450182757,0.2,AGN,1261,2803,
313875415981096971,0.2,AGN,791,3662,
313875416038768645,0.2,AGN,630,4624,
170028500553564298,0.2,AGN,1022,1,
313875416906989694,0.2,AGN,984,1,
170028500561428629,0.2,SN,873,1,
170028514387427460,0.2,SN,177,1,
170028514404729018,0.2,SN,200,1,
313998569356918822,0.2,SN,90,2349,
313985345023639575,0.2,AGN,770,56853,
313853517475872873,0.2,AGN,1121,9783,
313888627225526307,0.2,AGN,215,5388,
170028514431467655,0.2,SN,211,1,
170028500568244363,0.2,AGN,1089,1,
313853517479542815,0.2,AGN,1098,6381,
170028500572963993,0.2,AGN,171,1,
313853517479542877,0.2,AGN,758,4445,
170028500575060084,0.2,AGN,837,1,
313853517483737142,0.2,AGN,378,2666,
170028500576108660,0.2,AGN,1098,1,
170028500581351556,0.2,AGN,1156,1,
313853517538263064,0.2,AGN,917,15075,
170028500586594438,0.2,AGN,1137,1,
170028500588167286,0.2,AGN,784,1,
314011776610992165,0.2,SN,406,1692,
314011777238564879,0.2,SN,26,3312,-19.1
170028511979373784,0.2,AGN,961,1,
170028510795006087,0.2,AGN,879,1,
313853517579157648,0.2,AGN,1291,8705,
170028500596031610,0.2,AGN,1087,1,
313871013436194856,0.2,AGN,969,2023,
313980947942342770,0.2,SN,308,2506,
313853517603799130,0.2,AGN,1230,4196,
313888627088162946,0.2,AGN,152,2043,
170028500600225963,0.2,AGN,1148,1,
313875416793219178,0.2,AGN,894,1,
170028500601274484,0.2,AGN,1073,1,
313893021465706591,0.2,AGN,1040,8451,
170028500601798711,0.2,AGN,512,25508,
170028512979189978,0.2,AGN,302,2935,
170028510900387871,0.2,NT,130,1198,-12.4
170028500609138827,0.2,AGN,1084,1,
313853517711802444,0.2,AGN,933,5337,
170028500610187383,0.2,AGN,1095,1,
313875416798461967,0.2,AGN,863,3074,
313853517735395426,0.2,AGN,340,3149,
170028500619100295,0.2,AGN,1069,1,
170028500623818873,0.2,AGN,1032,1,
170028500626440293,0.2,AGN,585,1,
170107660764446767,0.2,SN,60,8269,-16.8
170226393301385313,0.2,SN,53,5994,
170226393328648251,0.2,SN,60,6250,-19.1
313853517840777344,0.2,SN,544,2216,
170028511035654269,0.2,AGN,1079,1,
170046091672682560,0.2,AGN,125,5067,
170046091678449688,0.2,AGN,140,7163,
170046091686838359,0.2,AGN,79,2993,
170032900283564046,0.2,AGN,576,2715,
313980948078133302,0.2,AGN,999,10362,
170046091710955607,0.2,AGN,59,3033,
170270398108139547,0.2,SN,15,4736,
170046091714625647,0.2,AGN,89,3629,
170274770629689377,0.2,SN,11,4690,-17.6
170046091921195087,0.2,AGN,101,31817,
170046092051742878,0.2,AGN,77,1,
313998569777922057,0.2,AGN,490,2283,
313888627031015551,0.2,AGN,126,2163,
313888627167854606,0.2,AGN,319,4342,
313888627033112760,0.2,AGN,937,7645,
313998569877536925,0.2,SN,379,1,
170028510516609147,0.2,AGN,1064,1,
313893021594681367,0.2,AGN,1097,8343,
170028510521852046,0.2,AGN,1120,1,
313972183909531813,0.2,AGN,1039,1,
170028510524997740,0.2,AGN,1119,1,
313853533039886396,0.2,SN,1104,2670,
170046096390750326,0.2,AGN,48,2711,
170028510532337794,0.2,AGN,1110,1,
313888627043074080,0.2,SN,1107,5189,-14.9
313967766838706300,0.2,AGN,427,1,
313853517406142539,0.2,AGN,1197,3272,
170028510555406485,0.2,AGN,1094,1,
313871018649190439,0.2,AGN,1144,32269,
313853533243310118,0.2,AGN,995,2258,
313875415023747124,0.2,AGN,1083,7297,
313853517414531079,0.2,AGN,1145,2738,
313871013148360910,0.2,AGN,1001,1,
313875415047340044,0.2,AGN,1144,21120,
170028511473959008,0.2,SN,628,4155,
313853517414531101,0.2,AGN,1176,7628,
313853517418201200,0.2,AGN,1227,3718,
313853533282631821,0.2,AGN,1204,8345,
313853517419249672,0.2,SN,1289,6737,-22.1
313853533284728839,0.2,AGN,1028,2311,
313853517419249797,0.2,SN,1314,8799,-22.2
313853533285777446,0.2,AGN,927,2790,
313963405651214357,0.2,AGN,776,20590,
313853517420822613,0.2,AGN,1280,3986,
313875415077224471,0.2,AGN,962,7074,
313853533295214686,0.2,AGN,1203,11160,
313875415087710240,0.2,AGN,1218,11177,
313888627201409154,0.2,AGN,988,3527,
313875415092428812,0.2,AGN,297,2544,
313853517426065465,0.2,AGN,1269,5860,
170028510630903956,0.2,NT,1009,1,
313853517434454097,0.2,AGN,1170,3520,
313875415177887756,0.2,AGN,1001,4334,
313875415191519245,0.2,AGN,895,4154,
313888627206651914,0.2,AGN,1068,9229,
313853517439697046,0.2,AGN,1098,11458,
313875415213539330,0.2,AGN,912,5874,
313893021775560722,0.2,AGN,657,188338,
313853517444415517,0.2,AGN,1114,3658,
170028510658691176,0.2,AGN,996,1,
313875415984242701,0.2,AGN,587,4367,
313875416861900822,0.2,AGN,856,9260,
313853517456474155,0.2,AGN,1076,3764,
313875416040865804,0.2,AGN,926,7123,
313853533655924769,0.2,SN,441,2526,-21.1
170028500558807144,0.2,AGN,1073,1,
170028510683332655,0.2,AGN,209,1422,
170028514403156077,0.2,SN,218,1,
314011741926195228,0.2,AGN,204,9626,
313888627222380655,0.2,AGN,857,2118,
170028500564050040,0.2,AGN,919,1,
314003013694914783,0.2,AGN,1098,1,
170028510691196945,0.2,AGN,331,5939,
313985345673232432,0.2,AGN,1114,1,
170028500568244264,0.2,AGN,508,18302,
313985345684242460,0.2,AGN,1118,3583,
170028514435661913,0.2,SN,220,1,
313853533862494220,0.2,AGN,835,4618,
170028511771231245,0.2,AGN,247,1,
170028514531082422,0.2,SN,138,1,
313853517487931399,0.2,AGN,1112,4331,
313888627081347098,0.2,AGN,1003,4313,
313888627081871403,0.2,AGN,156,2974,
314003013849055394,0.2,AGN,1139,1,
313853517536165964,0.2,AGN,1170,3026,
170028510758830213,0.2,AGN,395,1,
170028500585545855,0.2,AGN,1085,1,
313853517549797481,0.2,AGN,1219,3024,
313875416785879046,0.2,AGN,1041,3109,
170028515526705233,0.2,SN,223,1,
170028510777180307,0.2,NT,1107,1,
170028500596031616,0.2,AGN,904,1,
313980947941818398,0.2,AGN,698,4464,
170028500603371669,0.2,AGN,1043,1,
170054948358717489,0.2,SN,166,2413,
170028510922408006,0.2,AGN,375,1,
313998569623257167,0.2,SN,843,14701,-18.1
170028510929224293,0.2,AGN,407,1,
313853517742211179,0.2,AGN,1058,2204,
170028500619624557,0.2,AGN,1029,1,
170094456365121569,0.2,SN,56,16247,-17.2
313875416808423449,0.2,AGN,1132,8070,
170094456400773135,0.2,SN,81,11188,-19.5
313853517830815803,0.2,AGN,304,2071,
313928194441871470,0.2,AGN,1041,1,
313998534777503974,0.2,AGN,231,5444,
170028511030935679,0.2,AGN,1054,1,
313998535398260744,0.2,AGN,1124,3254,
313853517877477466,0.2,AGN,1099,2404,
170270398384963595,0.2,SN,23,14891,-13.0
313871015525482644,0.2,AGN,1115,10124,
313853532989554799,0.2,AGN,1084,2570,
313888627170476185,0.2,AGN,314,5175,
313871015541211137,0.2,AGN,1008,16070,
313972183815684303,0.2,AGN,908,1,
313893021597302819,0.2,AGN,713,32357,
313998570010181785,0.2,AGN,1078,1,
313893021628235840,0.2,AGN,962,1809,
313871016471822370,0.2,AGN,705,6382,
313853533150511259,0.2,AGN,1004,2304,
313853533167288351,0.2,AGN,546,1790,
313853517401423939,0.2,AGN,1315,12638,
313875415024271362,0.2,AGN,913,3182,
313875415046815747,0.2,AGN,1177,13729,
313853533277913169,0.2,AGN,1009,2605,
313875415055204364,0.2,AGN,761,9517,
313875415085613092,0.2,AGN,1082,5119,
313853517425016916,0.2,AGN,1258,8885,
313875415097147399,0.2,AGN,1105,10592,
313871013168808008,0.2,AGN,589,2880,
313853517432881169,0.2,AGN,1282,7376,
313853517434454105,0.2,AGN,1208,6710,
313853533528522846,0.2,AGN,997,1720,
313875415232413716,0.2,AGN,1252,9537,
313980948760756332,0.2,SN,55,2124,-14.0
170028500553039995,0.2,AGN,913,1,
313871013236965412,0.2,SN,1145,5655,-21.5
313875416861900846,0.2,AGN,140,2710,
313853533669556339,0.2,AGN,1049,1912,
170028510676516992,0.2,AGN,638,1,
313853517471154276,0.2,AGN,1264,7593,
313875416771199127,0.2,AGN,892,2242,
170019716255973493,0.2,SN,902,7397,-18.3
170028500566147171,0.2,AGN,1107,1,
313871013292539959,0.2,AGN,1151,7205,
313871013307220019,0.2,AGN,1002,2489,
170028500578730090,0.2,AGN,1109,1,
313871013390057473,0.2,AGN,1170,10763,
313853517544554601,0.2,AGN,1060,3211,
313875416785879049,0.2,AGN,1115,7990,
313853517557137498,0.2,AGN,934,2841,
313980947917176921,0.2,AGN,831,2858,
313888627085017124,0.2,AGN,82,3020,
313853517561856105,0.2,AGN,643,2045,
170028500588691608,0.2,AGN,432,1,
170028500590264433,0.2,AGN,1028,1,
170028510790287439,0.2,AGN,844,13285,
313871014064291960,0.2,AGN,230,3122,
313888627086590013,0.2,AGN,139,1909,
313853517592264831,0.2,AGN,481,5178,
313862203325808648,0.2,AGN,1237,7846,
170028510880989380,0.2,SN,1005,1,
170050498847047681,0.2,SN,42,4503,-15.5
170028500604420198,0.2,AGN,1111,1,
313879819430920212,0.2,AGN,1188,15907,
170028500605468812,0.2,AGN,994,1,
313972182532751516,0.2,AGN,1094,1,
170032905024176397,0.2,SN,34,1,
170028500609663119,0.2,AGN,965,1,
170028500610187388,0.2,AGN,1027,1,
170028510925554093,0.2,AGN,830,1,
313853517724909607,0.2,AGN,933,6438,
170028500615430254,0.2,AGN,846,1,
170028500615430261,0.2,AGN,1113,1,
170046089928376424,0.2,SN,889,6902,
313972182562111629,0.2,AGN,176,3206,
313998534957858832,0.2,AGN,1111,3909,
170046091650138125,0.2,AGN,111,4881,
170046091685265477,0.2,AGN,98,5886,
313875416814715013,0.2,AGN,125,1939,
313853518009598070,0.2,AGN,1203,7052,
313853518020608078,0.2,AGN,754,2194,
313871015532298250,0.2,AGN,961,7139,
313853533035692089,0.2,AGN,1025,5772,
313871015679623373,0.2,AGN,945,1,
313888627040976912,0.2,AGN,578,3765,
313875416831492128,0.2,AGN,726,1786,
170028510541774987,0.2,AGN,885,1,
313853533166764185,0.2,AGN,340,2729,
313967767196795001,0.2,AGN,1008,4570,
313963405132693599,0.2,AGN,1143,6446,
313853517405093892,0.2,AGN,1290,7981,
313875416837259382,0.2,AGN,1173,6716,
313853517409288214,0.2,AGN,1309,9083,
313853517410861062,0.2,AGN,1077,10462,
313875415041572882,0.2,AGN,1199,6624,
313853517416628300,0.2,AGN,1248,5287,
313875415068311567,0.2,AGN,799,14435,
313871013157273682,0.2,AGN,1187,10826,
313893021738336290,0.2,AGN,1108,8942,
313875415096098868,0.2,AGN,911,5503,
313853517430784011,0.2,AGN,918,9301,
313875415113924634,0.2,AGN,828,3190,
313853533525377135,0.2,AGN,1035,3091,
313994141012328449,0.2,AGN,550,1685,
170028500551991449,0.2,AGN,705,1,
313853517449658448,0.2,AGN,1216,4264,
170028500554088501,0.2,AGN,226,4123,
313875416102731798,0.2,AGN,946,8812,
170028517538398320,0.2,SN,193,1,
313980949159215215,0.2,AGN,972,3165,
313853533709402178,0.2,AGN,305,1874,
314003013678137685,0.2,AGN,270,3326,
170028524778815595,0.2,SN,167,1,
170028500566147168,0.2,AGN,944,1,
313853533787521055,0.2,AGN,356,2183,
313853517476397066,0.2,AGN,913,6520,
313853517478494269,0.2,AGN,879,4060,
170028510694867152,0.2,SN,570,1,
170028510695916335,0.2,SN,243,1,
170028500576108658,0.2,AGN,879,1,
313853517487407259,0.2,AGN,809,11461,
313888627079774354,0.2,SN,745,1,
170028510747295789,0.2,AGN,264,3139,
313980947898302501,0.2,AGN,312,10953,
313853517539835907,0.2,AGN,1130,7291,
313853517549273164,0.2,AGN,973,1969,
313853517564477443,0.2,AGN,69,2002,
313972182975774975,0.2,AGN,134,1516,
170028500591837299,0.2,AGN,819,1,
313853517578633281,0.2,NT,810,2531,-21.6
313998569499000903,0.2,AGN,726,3520,
313853517592265083,0.2,SN,387,2298,-21.6
313998569506865285,0.2,AGN,296,2375,
170028518053773512,0.2,SN,175,1,
313853517675102272,0.2,AGN,864,1957,
170028500607041665,0.2,AGN,642,1,
170028500608090218,0.2,AGN,1079,1,
313893021479862386,0.2,AGN,294,1,
170028500609138838,0.2,AGN,718,1,
313871014211616817,0.2,AGN,684,1893,
313853517724385293,0.2,AGN,946,2933,
170028500614381744,0.2,AGN,574,1,
170226393614385228,0.2,AGN,41,4280,
170226393749651522,0.2,AGN,56,3351,
313928194419327089,0.2,AGN,901,1,
170235204184047761,0.2,AGN,12,1,
170028510473093221,0.2,AGN,582,4259,
313893021507649553,0.2,AGN,248,2326,
313853517941440592,0.2,AGN,795,2177,
170028510499307677,0.2,AGN,804,1,
170028512399851695,0.2,AGN,172,2958,
313853532976447655,0.2,AGN,728,1,
313888627034685592,0.2,AGN,396,1,
170028510518181998,0.2,AGN,445,1,
313998569927868456,0.2,AGN,904,4077,
170028511216009372,0.2,SN,990,1,
313998569946218634,0.2,AGN,488,2350,
313972184048992370,0.2,AGN,763,1,
170046096172646690,0.2,SN,25,1,
313853533062955087,0.2,AGN,443,3391,
313871015699021854,0.2,AGN,687,1879,
170046101634678860,0.2,AGN,103,2340,
313875416831492192,0.2,AGN,864,6071,
170028510539153513,0.2,AGN,880,1,
170028510541250674,0.2,AGN,931,1,
313853517399326846,0.2,AGN,1001,2033,
313853517414006889,0.2,AGN,693,3468,
313853517417676886,0.2,AGN,485,3428,
313875415064117265,0.2,AGN,385,2179,
313853517419774068,0.2,AGN,1256,5077,
170028521921445983,0.2,AGN,126,3888,
170032902234439823,0.2,AGN,94,2392,
313875415162683393,0.2,AGN,1075,6206,
313888627062472856,0.2,AGN,360,1927,
313853533537435732,0.2,AGN,968,3332,
313853533548970126,0.2,AGN,812,1,
313853533562601611,0.2,AGN,961,1,
170028524454805548,0.2,AGN,23,6298,
170028500553564296,0.2,SN,908,1,
313853533641768997,0.2,AGN,760,2121,
313875416107450387,0.2,AGN,695,3092,
170028500555661437,0.2,AGN,1114,1,
313853517458047035,0.2,AGN,892,2644,
313875416176132104,0.2,AGN,96,3153,
314007379921338504,0.2,AGN,220,3030,
313875416769101840,0.2,AGN,260,5107,
313888627220283495,0.2,AGN,166,3182,
313853517473251419,0.2,AGN,991,2523,
313853517476397183,0.2,AGN,623,1722,
313888627228672117,0.2,AGN,337,2227,
313875416778539137,0.2,SN,648,1,
170019716312596581,0.2,AGN,137,2079,
170028500582924412,0.2,NT,1052,1,
170019716323082348,0.2,SN,1054,6159,-22.2
314003013962301606,0.2,AGN,1022,1,
313871014052757612,0.2,AGN,730,1834,
170028500591837302,0.2,SN,815,1,
313853517577060480,0.2,AGN,826,1,
170028500594458774,0.2,AGN,825,1,
170028500595507351,0.2,AGN,766,1,
313853517588070403,0.2,AGN,1146,9474,
170028500597080197,0.2,AGN,737,1,
313853517602226325,0.2,AGN,1186,4720,
313853517668810790,0.2,SN,946,4895,-22.2
313893021468327946,0.2,SN,128,959,
170028518135038570,0.2,SN,43,1,
170028510899339386,0.2,SN,707,1,
170028516433199279,0.2,SN,81,1,
170028500612284536,0.2,AGN,1008,1,
170028518293373042,0.2,SN,81,1,
170028500623294588,0.2,AGN,839,2731,
170028500624343155,0.2,SN,890,1,
313853517842350166,0.2,AGN,959,2003,
170046091311972440,0.2,AGN,78,2301,
313871014364184592,0.2,AGN,777,2474,
313875416812617753,0.2,AGN,428,2470,
313875416813142054,0.2,AGN,318,2312,
170046091691032676,0.2,AGN,34,11465,
170046091702566947,0.2,AGN,87,4160,
170261582935228429,0.2,SN,23,5366,-17.0
170296772271800338,0.2,NT,10,2522,-18.2
170032906556670695,0.2,SN,45,1,
170028520561442863,0.2,AGN,121,3581,
170028510508744826,0.2,AGN,1070,1,
313875416819957922,0.2,AGN,473,2999,
170032907062083790,0.2,SN,21,1,
313875416822055048,0.2,AGN,39,931,
170046093715308657,0.2,AGN,49,1303,
313853533016293461,0.2,AGN,152,2821,
170028510523949189,0.2,SN,541,1,
170028510523949197,0.2,AGN,1089,1,
313871013108514818,0.2,AGN,905,2214,
170028516826939482,0.2,SN,219,1,
313871013112709132,0.2,AGN,364,1636,
170028516870979606,0.2,AGN,202,5269,
313871013118476319,0.2,AGN,607,2621,
170028510538104982,0.2,AGN,835,1,
313888627043074149,0.2,AGN,898,1,
313967767084597282,0.2,AGN,369,12842,
313875416837259419,0.2,AGN,527,2996,
313853517410336797,0.2,AGN,1080,4310,
170028510612553881,0.2,AGN,400,1,
313853517421871185,0.2,AGN,1171,7034,
313853533311467525,0.2,SN,490,2782,-19.8
313853533386440709,0.2,SN,103,3096,
170028510635098274,0.2,AGN,445,1,
313875415246569500,0.2,AGN,357,295401,
170028500558282784,0.2,AGN,291,8469,
313871013244305469,0.2,AGN,984,1810,
313875416186617913,0.2,AGN,276,4252,
313875416261591068,0.2,AGN,620,3240,
170028500565098650,0.2,AGN,977,1,
313998569462300707,0.2,AGN,134,2100,
313888627087638650,0.2,AGN,240,3040,
170028500599177400,0.2,AGN,947,1,
170028516417994913,0.2,SN,215,1,
313888627089735851,0.2,AGN,343,1,
170028500600750248,0.2,SN,1010,1,
170019717277810735,0.2,SN,736,45364,
170050497400012972,0.2,NT,34,1600,-20.1
313871014188548255,0.2,AGN,587,2071,
313862203477852296,0.2,SN,500,1,
170028510905107100,0.2,AGN,470,1,
313972183125196867,0.2,AGN,291,2713,
170028500613857402,0.2,AGN,1009,1,
170028500617003148,0.2,AGN,754,1,
170028500624867441,0.2,AGN,792,1,
170046091330846816,0.2,AGN,65,3377,
170046091649089715,0.2,AGN,59,9208,
313853517871710295,0.2,AGN,1016,2144,
313853517891633233,0.2,SN,251,2671,-19.0
313853517937770542,0.2,AGN,762,2511,
170046091792744717,0.2,AGN,50,1,
170028516580524151,0.2,SN,166,1,
170046092008751298,0.2,AGN,20,1,
313853532973301807,0.2,AGN,848,1902,
170028510513987697,0.2,AGN,1058,1,
170028510531289210,0.2,AGN,314,1,
313967766705537130,0.2,AGN,460,6903,
170028512434454568,0.2,AGN,91,1566,
313871015709507715,0.2,AGN,524,1930,
170046105078727699,0.2,SN,137,1,
170028510547017824,0.2,AGN,134,9008,
313871013132107802,0.2,AGN,436,1597,
170028510547017879,0.2,AGN,867,1,
313853533172006952,0.2,AGN,272,1771,
313853533190357084,0.2,AGN,308,1935,
313853517410336787,0.2,AGN,974,3445,
170028510561697927,0.2,AGN,602,1,
313875415046815787,0.2,AGN,845,17915,
313853517418725436,0.2,SN,1027,2180,-18.2
313871013159895048,0.2,SN,847,1781,
313853517423968310,0.2,AGN,1120,4305,
313875416847220800,0.2,AGN,338,3101,
313875415249715313,0.2,AGN,303,3477,
313875415346708494,0.2,AGN,395,2832,
313853517457522753,0.2,AGN,1060,2158,
313853517460144159,0.2,AGN,873,7391,
170028500562477066,0.2,AGN,579,24321,
313875416771199049,0.2,AGN,82,3227,
313853517481115734,0.2,SN,848,7167,-21.8
313853517483212864,0.2,AGN,580,2548,
170028510739955778,0.2,AGN,289,2487,
313853517487407231,0.2,AGN,281,2337,
170028510746247315,0.2,SN,677,1,
313871013381668933,0.2,AGN,18,1846,
313853517533544491,0.2,AGN,875,4257,
313998569410920501,0.2,AGN,144,1639,
313871013410506779,0.2,AGN,332,2735,
313888627085541533,0.2,AGN,612,2104,
170028517907497109,0.2,SN,103,1,
314046942893572164,0.2,AGN,55,1914,
313853517667762301,0.2,AGN,657,5001,
313853517673005060,0.2,AGN,655,6386,
170028500603371670,0.2,AGN,616,1,
170028516424810674,0.2,SN,209,1,
170028510929224300,0.2,AGN,394,1,
170028516444733566,0.2,SN,209,1,
313875416807899153,0.2,AGN,527,2132,
170094456357257301,0.2,SN,91,12920,
170028500624867450,0.2,AGN,858,1,
170226393653182550,0.2,AGN,26,3821,
313998534869254150,0.2,SN,277,3537,-16.8
170046091946885136,0.2,AGN,110,5053,
170046091958419585,0.2,AGN,91,2537,
313853517960839281,0.2,AGN,963,1,
313853517963460682,0.2,AGN,1154,9044,
170028520410447938,0.2,AGN,149,622,
313888627165757588,0.2,AGN,601,1,
170046092403539993,0.2,AGN,27,2905,
170028516653400156,0.2,SN,222,1,
313998569858662581,0.2,AGN,1124,1,
170028511193464994,0.2,SN,190,3241,-20.7
313853533002137676,0.2,SN,692,1963,
313888627036258422,0.2,AGN,411,1,
313875416825725031,0.2,AGN,477,1,
313972182677979277,0.2,AGN,131,1421,
313871016622293065,0.2,AGN,442,7874,
313871013132107892,0.2,AGN,87,1651,
170028510548066453,0.2,AGN,819,1,
170028510549639314,0.2,AGN,735,1,
313871013141020716,0.2,AGN,931,2742,
313888627053035598,0.2,AGN,428,3120,
313853517412958259,0.2,AGN,1071,3321,
313875415056252933,0.2,AGN,459,12402,
313875415056252979,0.2,AGN,367,2674,
170028510615175360,0.2,AGN,643,1,
313871013157797950,0.2,AGN,656,1627,
313875415083515920,0.2,AGN,634,8737,
313963405801160784,0.2,AGN,994,1,
313853517427114056,0.2,AGN,111,3371,
313888627209797709,0.2,AGN,703,3386,
313875415221403664,0.3,AGN,266,2263,
313853533662216209,0.3,AGN,956,1872,
313980949276655687,0.3,SN,121,2371,-20.5
313871013288870117,0.3,AGN,425,2076,
313888627077677231,0.3,AGN,369,1,
170028512775241784,0.3,AGN,181,2817,
313853517568672729,0.3,AGN,348,4642,
313853517588594758,0.3,AGN,759,3053,
170019716538040571,0.3,AGN,854,1,
313853517697122415,0.3,AGN,212,2616,
170028510938661013,0.3,AGN,397,1,
170028510939185304,0.3,AGN,344,1,
170028500626440304,0.3,AGN,616,1,
313853517837107288,0.3,AGN,841,9007,
170244000137085024,0.3,SN,9,1470,
170046091701518390,0.3,AGN,94,7251,
313853517952450922,0.3,AGN,285,2456,
313871013100126211,0.3,AGN,372,1881,
313980948190855286,0.3,AGN,276,3513,
170028510516609156,0.3,AGN,245,1,
170046096112353717,0.3,SN,29,1,
170028510535483401,0.3,NT,250,2621,-20.0
313888627042025630,0.3,AGN,846,1,
170028510542823567,0.3,AGN,325,1,
313875416834113673,0.3,AGN,369,2458,
170028510554882192,0.3,AGN,446,1,
170028521432809488,0.3,AGN,173,8095,
313888627052511380,0.3,AGN,24,1773,
170028500537311409,0.3,AGN,666,1,
313893021760356431,0.3,AGN,241,2159,
313875416859803711,0.3,AGN,351,2918,
313875416045060130,0.3,AGN,242,2508,
170028500558807154,0.3,AGN,429,1,
313871013264752719,0.3,AGN,625,2014,
313853533714120748,0.3,AGN,238,2042,
313985345716748353,0.3,AGN,860,1,
313871013301452928,0.3,SN,542,2233,
170019716302635146,0.3,NT,1052,9759,-17.2
313853517487407128,0.3,AGN,746,2594,
313893021459939410,0.3,AGN,775,1,
313871013443534943,0.3,AGN,704,1807,
313853517605371940,0.3,AGN,858,2187,
170028500600750246,0.3,SN,934,1,
313853517627392021,0.3,AGN,624,3697,
313871014206373941,0.3,AGN,852,2093,
313853517741162561,0.3,AGN,1193,3812,
313875416809472025,0.3,AGN,320,3809,
313853517890060377,0.3,AGN,609,1974,
170028510491967601,0.3,AGN,925,1,
170028510507171987,0.3,AGN,312,1,
170028520589754702,0.3,AGN,87,2965,
313853533003710536,0.3,SN,401,2198,
313888627035734156,0.3,AGN,363,1,
170032910192083064,0.3,AGN,84,2116,
313871016644837523,0.3,AGN,971,1,
313875415046291487,0.3,AGN,1096,6220,
313853533418946588,0.3,AGN,629,2102,
313875416850890840,0.3,AGN,291,2273,
170028500555137128,0.3,AGN,604,1,
170028500556710023,0.3,AGN,666,1,
313853533718315009,0.3,AGN,321,3463,
170028510687527780,0.3,AGN,224,1,
313871013356505332,0.3,SN,786,1,
313998569395191982,0.3,AGN,231,1,
313853517533544450,0.3,AGN,670,3673,
170028500582924416,0.3,SN,763,1,
313871013389008923,0.3,AGN,263,2009,
313888627083444374,0.3,AGN,121,2255,
313888627324616736,0.3,AGN,147,2652,
313871014067961896,0.3,AGN,694,2231,
313888627092357124,0.3,AGN,43,1521,
170028510895145109,0.3,AGN,929,1,
170028500630110315,0.3,AGN,784,1,
313928194953052271,0.3,AGN,506,9178,
170046091954225174,0.3,AGN,12,1802,
170028511151522155,0.3,AGN,197,1,
313871013101699209,0.3,AGN,663,2119,
313871013104844803,0.3,AGN,438,1311,
313998570024861863,0.3,AGN,916,1,
313893021618798622,0.3,AGN,528,3600,
313998570052124685,0.3,AGN,131,1607,
170032901867438154,0.3,AGN,356,1775,
313888627048841282,0.3,SN,211,1933,-19.6
313853517410336842,0.3,SN,1059,3535,
313853517416628341,0.3,AGN,930,3336,
313853533281058898,0.3,AGN,974,1880,
313994141002367046,0.3,AGN,1001,1,
313875416770675008,0.3,AGN,712,6864,
313853517474824254,0.3,AGN,1011,2118,
313985345562083345,0.3,AGN,679,2943,
313871013414699017,0.3,AGN,590,3356,
314003014107006318,0.3,NT,72,538132,-19.0
170028500603371665,0.3,AGN,915,1,
313893021469376580,0.3,AGN,64,1131,
170028518078939308,0.3,SN,89,1,
313972183134634071,0.3,AGN,97,2214,
313967766144548993,0.3,AGN,968,1,
170028500626964715,0.3,AGN,426,1,
170235219334922248,0.3,SN,35,11076,
313853517874331739,0.3,AGN,763,2715,
313888627025248344,0.3,AGN,140,2082,
170028510483579739,0.3,AGN,712,1,
313893021524426838,0.3,AGN,184,3064,
313972182662775185,0.3,AGN,43,2479,
313976545489715291,0.3,SN,154,8312,-14.6
313853533275816015,0.3,AGN,865,2115,
313853517436551264,0.3,AGN,369,3188,
313875415216160769,0.3,AGN,566,2386,
313980949358968926,0.3,SN,601,2178,
313853533724606474,0.3,AGN,389,1820,
170028514449817710,0.3,SN,203,1,
170028514455584880,0.3,SN,193,1,
170028514503819942,0.3,SN,52,1,
170028500586594424,0.3,SN,801,1,
170032905506521744,0.3,SN,28,1,
170046091661148334,0.3,AGN,56,1,
313888627169951864,0.3,AGN,320,1,
313875416819957950,0.3,AGN,633,1,
313853517420298303,0.3,AGN,1096,3260,
170028500537835663,0.3,AGN,669,1,
313963406463860740,0.3,SN,136,5398,-13.4
170028500564050031,0.3,AGN,781,1,
170028514455584889,0.3,SN,83,1,
170028514951561301,0.3,SN,178,1,
313871014031786048,0.3,SN,315,2247,-19.8
313853517398802512,0.3,SN,916,12691,
313871013367513090,0.3,AGN,86,1067,
170028514541568146,0.3,SN,158,1,
314003015564525724,0.3,SN,72,1725,
170032906387325013,0.3,SN,38,2400,-18.6
313871013234344056,0.3,AGN,776,2400,
170028514408923255,0.3,SN,76,1,
170032912590700627,0.3,SN,114,1,
313853517483212838,0.3,AGN,501,10516,
313853517865943144,0.3,AGN,565,4819,
313875415239229485,0.3,AGN,127,10605,
170028514415214692,8.2,SN,146,1,
170028514990882979,8.2,SN,99,1,
170028516153753670,8.2,SN,20,1,
170054985505046678,8.2,SN,63,1,
313853533025730667,8.2,AGN,779,1998,
170046094542110827,8.2,SN,13,2784,-9.3
170028514415214710,8.2,SN,94,1,
170054984062730394,8.2,SN,98,1,
170028514409447560,8.2,SN,178,1,
170028514360165546,8.2,AGN,53,1,
170028514411544704,8.2,SN,106,1,
170028514453487736,8.2,SN,36,1,
170028516045750361,8.2,SN,58,1,
170028500588167279,8.2,SN,710,1,
314011776499318954,8.2,SN,225,1,
170226393306628147,8.2,SN,40,4537,
170028516522853370,8.2,SN,56,1,
170230797063684170,8.2,SN,25,3000,-12.8
170028516719984745,8.2,SN,75,1,
170028516827988059,8.2,SN,9,1,
170028511331352604,8.2,AGN,810,1,
170028524472107131,8.2,SN,81,1,
170028500580827291,8.2,AGN,222,1,
170050494168826076,8.2,SN,117,1,
170050501716476148,8.2,SN,187,1,
170226393376358423,8.2,SN,28,3633,
170230797041139779,8.2,SN,24,2881,-19.8
170028516557979771,8.2,SN,11,1,
170028516711071838,8.2,SN,77,1,
313853533033070596,8.2,SN,826,2257,
170028500537835652,8.2,AGN,652,1,
170028500545176199,8.2,SN,247,1,
313871013233819829,8.2,AGN,79,1728,
313871013251645578,8.2,SN,207,1258,
313853517464862735,8.2,SN,389,2174,-18.3
313888627218186347,8.2,SN,734,1,
313888627086590051,8.2,SN,942,3625,-19.5
170028500595507341,8.2,AGN,922,1,
314003014280020037,8.2,AGN,512,2225,
170028516421664899,8.2,SN,40,1,
170028500603895935,8.2,AGN,583,1,
313879819412046118,8.2,AGN,275,178284,
170028516430577794,8.2,SN,31,1482,
170054985907699837,8.2,SN,19,2697,-20.3
313853517817184261,8.2,AGN,803,2254,
313853517843923067,8.2,SN,792,1,
313998569740173513,8.2,AGN,133,1,
170046092070617230,8.2,AGN,27,1,
313853517990199416,8.2,AGN,719,1,
170046093855817819,8.2,SN,15,1329,
313888627176243325,8.2,AGN,604,1,
170046105383338287,8.2,SN,162,1,
170028517058674767,8.2,SN,78,1,
313967767198368216,8.2,NT,25,2330,
313888627051987078,8.2,AGN,523,1,
313888627054084215,8.2,AGN,225,1,
313875416147296298,8.2,AGN,404,2127,
313853517469581345,8.2,AGN,806,2189,
170028500572438685,8.2,AGN,504,1,
170019716303683598,8.2,SN,1047,5631,
314003013964398678,8.2,SN,211,2103,-19.0
170028516399120519,8.2,SN,188,1,
313888627014762673,8.2,SN,377,1,
313871014246219789,8.2,AGN,224,2075,
170032899865706635,8.2,AGN,618,1,
170230797159104514,8.2,SN,22,2761,-19.3
170028510506123401,8.2,AGN,627,1,
170028513484079192,8.2,AGN,224,1822,
313871015569522824,8.2,AGN,535,1822,
313875416825725005,8.2,AGN,126,1777,
313888627209797741,9.2,AGN,173,1,
313871013221236971,9.2,AGN,227,2254,
313875415236608046,9.2,AGN,522,1,
313875415313678352,9.2,AGN,866,3753,
313871013233295836,9.2,SN,334,2018,-20.3
313875416861900874,9.2,AGN,14,884,
170028510679138458,9.2,AGN,330,1,
313875416770150985,9.2,AGN,765,1,
313871013275762803,9.2,AGN,81,2616,
313985345548451881,9.2,AGN,582,2507,
313875416772771924,9.2,SN,490,3088,-19.1
170028500571914364,9.2,AGN,474,1,
170019716282712162,9.2,AGN,543,2127,
313871013305647194,9.2,AGN,816,3161,
170028500577157241,9.2,AGN,482,1,
313871013358076033,9.2,AGN,573,1869,
170028500578205819,9.2,AGN,378,1,
170019716311023734,9.2,AGN,226,1499,
170028500579778677,9.2,AGN,790,1,
313853517493698564,9.2,AGN,517,3609,
313871013398970627,9.2,AGN,254,1,
313998569467543642,9.2,AGN,181,2467,
314011776421724393,9.2,AGN,418,1,
313871013410506774,9.2,AGN,305,1772,
313871014027591747,9.2,AGN,146,1415,
313875416786403443,9.2,AGN,133,1,
170028512833437837,9.2,AGN,98,1,
313871013411029389,9.2,AGN,570,1900,
170028510783996014,9.2,AGN,184,1,
314003014011584569,9.2,AGN,208,1762,
170019716433707059,9.2,AGN,208,1166,
170028500594458775,9.2,AGN,376,1,
313871014081069075,9.2,AGN,312,2167,
170050490773536825,9.2,AGN,69,4696,
170028510831706852,9.2,AGN,144,1,
313853517619527734,9.2,SN,681,2559,-18.6
313853517667238531,9.2,SN,536,2942,
170028500605468803,9.2,AGN,542,1,
313888627092357269,9.2,AGN,136,1,
313853517713899563,9.2,AGN,688,2956,
313967766083731604,9.2,AGN,95,1756,
313875416801083436,9.2,AGN,133,1257,
313875416801083495,9.2,AGN,667,1,
313853517746929694,9.2,SN,127,3171,
313871014309658809,9.2,SN,283,1,
170028500623818864,9.2,AGN,478,1,
313972182552150179,9.2,AGN,737,1,
170028500624343150,9.2,AGN,350,1,
170028510958059649,9.2,AGN,293,1,
170028511005769863,9.2,AGN,159,1,
170028512367345828,9.2,SN,189,1,
313853517842350110,9.2,AGN,821,2882,
170028512372064381,9.2,SN,79,1,
313875416810520729,9.2,AGN,247,1,
313967766245212208,9.2,AGN,149,1908,
313888627152650358,9.2,AGN,511,1,
170028510473093255,9.2,SN,551,1,
313972183225860228,9.2,AGN,41,1657,
170046091685789763,9.2,AGN,42,2224,
170028511061868705,9.2,SN,132,1,
170046091714101428,9.2,AGN,63,1,
313888627161039095,9.2,SN,82,1510,-18.2
313893021513416831,9.2,AGN,391,1,
170028512386220337,9.2,SN,82,1,
170028513232421569,9.2,SN,106,1,
170028513245528069,9.2,AGN,37,2460,
313853517966082127,9.2,AGN,752,2993,
313998569776873526,9.2,AGN,155,2026,
170046092145590301,9.2,AGN,31,3687,
313998569778446343,9.2,AGN,17,588,
170028512395657317,9.2,SN,170,1,
313871013083349073,9.2,AGN,67,1319,
170046092736987193,9.2,AGN,24,1331,
313972183255220274,9.2,AGN,101,964,
170028510499307684,9.2,AGN,452,1,
313875416817860719,9.2,AGN,229,1,
313871015516045385,9.2,AGN,40,1320,
313888627032588404,9.2,AGN,258,1,
170028511157813421,9.2,AGN,304,1,
313871013090164763,9.2,AGN,647,2120,
313888627168903351,9.2,AGN,773,1,
313853532974350370,9.2,AGN,822,3381,
313875416818909343,9.2,SN,329,1,
313871013096456236,9.2,SN,16,2046,-20.5
313972183413030926,9.2,AGN,267,1679,
170028512417677458,9.2,SN,229,1,
313998569902178423,9.2,SN,488,1,
313980948191903914,9.2,SN,26,1,-18.7
170028511195562115,9.2,AGN,168,1,
313871015564279897,9.2,AGN,344,1800,
313871015565328391,9.2,AGN,329,2238,
313875416821530743,9.2,AGN,555,1,
170046093709017251,9.2,AGN,30,1,
313871013106417890,9.2,AGN,37,2325,
313875416823103616,9.2,AGN,207,1,
170028510524997738,9.2,AGN,596,1,
313871013108514867,9.2,AGN,502,1306,
313998570007560345,9.2,AGN,133,782,
170028512425541693,9.2,AGN,60,2084,
313871013109039196,9.2,AGN,633,2244,
313871013109563488,9.2,AGN,368,1620,
313888627038879870,9.2,AGN,505,1,
170028512428163190,9.2,SN,227,1,
170028513578975335,9.2,SN,142,1,
313875416825725008,9.2,SN,181,1551,
170028512431833233,9.2,SN,85,1,
313888627040452754,9.2,SN,291,1,
313967766762160246,9.2,AGN,496,1,
170028510541774986,9.2,SN,381,1,
170028511350227062,9.2,AGN,325,1,
170046104813961430,9.2,AGN,54,1,
170028511351799953,9.2,AGN,230,1,
313888627189350500,9.2,AGN,396,1,
313888627047269146,9.2,AGN,128,2748,
170028510549115004,9.2,AGN,739,1,
170028510549639308,9.2,SN,236,1,
170028512527777903,9.2,SN,135,1,
313980948456144966,9.2,AGN,191,1180,
313853533240688680,9.2,AGN,452,2401,
313888627194593429,9.2,AGN,216,1,
313853533241213276,9.2,SN,285,2846,
313871013138923672,9.2,AGN,246,1,
313871013141020692,9.2,AGN,188,1252,
313853517414006786,9.2,AGN,450,3150,
170028510563270800,9.2,AGN,649,1,
313875415051010062,9.2,AGN,307,4488,
313871013152555114,9.2,AGN,108,1152,
313853533288398943,9.2,AGN,443,2462,
313963405616087073,9.2,SN,138,2727,-18.9
313875415078273053,9.2,AGN,543,2555,
313875415080370195,9.2,AGN,124,3820,
170028512573915253,9.2,AGN,143,1,
313888627203506297,9.2,SN,438,1,
170032902253314086,9.2,AGN,24,1637,
170028500537835649,9.2,AGN,286,2517,
313871013171429480,9.2,AGN,64,1150,
313875415190470672,9.2,SN,149,2317,-12.7
313963406224785425,9.2,AGN,451,2107,
313853517445464147,9.2,AGN,561,2111,
313875415236608044,9.2,AGN,673,4764,
313853517447036944,9.2,AGN,779,2559,